{"train_loss": [2.7890625, 2.8671875, 2.318359375, 1.9189453125, 1.6796875, 1.640625, 1.2822265625, 0.951171875, 0.80517578125, 0.53955078125, 0.53076171875, 0.237548828125, 0.1827392578125, 0.0997314453125, 0.353271484375, 0.21826171875, 0.2449951171875, 0.0595703125, 0.0723876953125, 0.05291748046875, 0.020172119140625, 0.023773193359375, 0.025787353515625, 0.033111572265625, 0.06414794921875, 0.003856658935546875, 0.01168060302734375, 0.24658203125, 0.38037109375, 0.1060791015625, 0.06787109375, 0.1761474609375, 0.3056640625, 0.6171875, 0.26171875, 0.253173828125, 0.1533203125, 0.28515625, 0.052154541015625, 0.0248565673828125, 0.03045654296875, 0.0638427734375, 0.0147705078125, 0.0105743408203125, 0.0275421142578125, 0.00943756103515625, 0.0034942626953125, 0.040008544921875, 0.003719329833984375, 0.00189208984375], "valid_loss": [3.01953125, 3.02734375, 2.67578125, 2.625, 2.5234375, 2.712890625, 2.55859375, 2.66015625, 2.6484375, 2.9140625, 2.91015625, 3.4140625, 3.4296875, 3.921875, 3.90625, 3.4921875, 3.13671875, 3.21875, 3.0546875, 3.08203125, 3.111328125, 3.22265625, 3.37109375, 3.484375, 3.72265625, 3.578125, 3.5, 3.34375, 3.970703125, 4.6171875, 4.125, 4.8046875, 4.53125, 4.18359375, 4.453125, 4.21875, 4.65625, 4.765625, 4.703125, 4.23828125, 4.1875, 4.5, 3.76953125, 4.15234375, 3.99609375, 3.28515625, 3.87890625, 3.4921875, 3.806640625, 3.8671875]}